accountName,linkedItemGuid,reportingPeriod,startDate,paymentDate,startBalance,expenditureUnitemizedTotal,expenditureItemizedTotal,totalCharges,paymentsMade,interest,endBalance,items,id,reportId,reportTypeId,reportTypeDescription,recordTypeId,cpfId,filerCategory,filingMechanism,guid,reportYear,endDate,dateFiled,dateFiledMedium,isAmendment,isQualifiedAmendment,isAmended,amendmentReason,previousReportId,nextReportId,isCandidateReport,isPeriodicReport,isDepositoryPeriodicReport,isNd102,isDepositReport,isBankReport,isLateContributionReport,isExpenseReport,isReimbursementReport,isSv1,isDonationReport,isCreditCardReport,isIePacReport,isPayrollReport,IsIndependentSpendingReport
Chase,,8/4/2014 - 9/3/2014,8/4/2014,,$0.00,$0.00,$107.40,$107.40,$0.00,$0.00,$107.40,[],205561,205561,80,Credit Card Report,111,13739,D,,0310c446-4d78-414a-a3d9-fdfa167131ff,2014,9/3/2014,9/18/2014,"Thursday, September 18, 2014",False,False,False,,0,0,True,False,False,False,False,False,False,True,False,False,False,True,False,False,0
Chase,,2/4/2014 - 3/3/2014,2/4/2014,,$0.00,$0.00,$79.15,$79.15,$0.00,$0.00,$79.15,[],192380,192380,80,Credit Card Report,111,13739,D,,eb0f5861-56aa-490c-b62e-9830bb173913,2014,3/3/2014,3/17/2014,"Monday, March 17, 2014",False,False,False,,0,0,True,False,False,False,False,False,False,True,False,False,False,True,False,False,0
Chase,,12/4/2013 - 1/3/2014,12/4/2013,,$0.00,$0.00,$31.88,$31.88,$0.00,$0.00,$31.88,[],187372,187372,80,Credit Card Report,111,13739,D,,1dbc09c3-3e1e-4439-b0a6-a35b31c32d5a,2014,1/3/2014,1/13/2014,"Monday, January 13, 2014",False,False,False,,0,0,True,False,False,False,False,False,False,True,False,False,False,True,False,False,0
Chase,,11/4/2013 - 12/3/2013,11/4/2013,,$0.00,$0.00,$31.84,$31.84,$0.00,$0.00,$31.84,[],184960,184960,80,Credit Card Report,111,13739,D,,061694cd-f1b3-4303-9e6b-9f30e2b4f1c3,2013,12/3/2013,12/6/2013,"Friday, December 6, 2013",False,False,False,,0,0,True,False,False,False,False,False,False,True,False,False,False,True,False,False,0
Chase,,9/4/2013 - 11/3/2013,9/4/2013,,$0.00,$79.24,$79.24,$158.48,$0.00,$0.00,$158.48,[],184067,184067,80,Credit Card Report,111,13739,D,,a81ead7c-09ec-44af-82f9-6ca35b92e50b,2013,11/3/2013,11/20/2013,"Wednesday, November 20, 2013",False,False,False,,0,0,True,False,False,False,False,False,False,True,False,False,False,True,False,False,0
Chase,,8/4/2013 - 9/3/2013,8/4/2013,,$0.00,$0.00,$139.28,$139.28,$0.00,$0.00,$139.28,[],179087,179087,80,Credit Card Report,111,13739,D,,1b83a567-6a7b-44de-8cbb-58c33a6d6fb6,2013,9/3/2013,9/13/2013,"Friday, September 13, 2013",False,False,False,,0,0,True,False,False,False,False,False,False,True,False,False,False,True,False,False,0
Chase,,6/4/2013 - 7/3/2013,6/4/2013,,$0.00,$0.00,$31.68,$31.68,$0.00,$0.00,$31.68,[],175779,175779,80,Credit Card Report,111,13739,D,,8fd98ab6-0fcf-4f00-9c48-6f06ca34cd5b,2013,7/3/2013,7/26/2013,"Friday, July 26, 2013",False,False,False,,0,0,True,False,False,False,False,False,False,True,False,False,False,True,False,False,0
chase,,7/4/2013 - 7/3/2013,7/4/2013,,$0.00,$0.00,$80.23,$80.23,$0.00,$0.00,$80.23,[],176973,176973,80,Credit Card Report,111,13739,D,,2e952c84-77a8-4ea7-9094-a8314a9fa41c,2013,7/3/2013,8/15/2013,"Thursday, August 15, 2013",False,False,False,,0,0,True,False,False,False,False,False,False,True,False,False,False,True,False,False,0
Chase,,5/4/2013 - 6/3/2013,5/4/2013,,$0.00,$0.00,$32.24,$32.24,$0.00,$0.00,$32.24,[],172813,172813,80,Credit Card Report,111,13739,D,,aca4ad6a-12a7-4634-ad8b-4b5813240d01,2013,6/3/2013,6/20/2013,"Thursday, June 20, 2013",False,False,False,,0,0,True,False,False,False,False,False,False,True,False,False,False,True,False,False,0
Chase,,4/4/2013 - 5/3/2013,4/4/2013,,$0.00,$0.00,$46.88,$46.88,$0.00,$0.00,$46.88,[],171070,171070,80,Credit Card Report,111,13739,D,,3c833f97-b6d5-46d0-aa7e-ae26210caf02,2013,5/3/2013,5/22/2013,"Wednesday, May 22, 2013",False,False,False,,0,0,True,False,False,False,False,False,False,True,False,False,False,True,False,False,0
Chase,,3/4/2013 - 4/3/2013,3/4/2013,,$0.00,$0.00,$31.96,$31.96,$0.00,$0.00,$31.96,[],170167,170167,80,Credit Card Report,111,13739,D,,0434c00f-7904-4fae-92fb-14a73a53e841,2013,4/3/2013,5/3/2013,"Friday, May 3, 2013",False,False,False,,0,0,True,False,False,False,False,False,False,True,False,False,False,True,False,False,0
Chase,,2/4/2013 - 3/3/2013,2/4/2013,,$0.00,$0.00,$31.88,$31.88,$0.00,$0.00,$31.88,[],168239,168239,80,Credit Card Report,111,13739,D,,23a632ab-0437-436f-8522-002164bd7634,2013,3/3/2013,3/19/2013,"Tuesday, March 19, 2013",False,False,False,,0,0,True,False,False,False,False,False,False,True,False,False,False,True,False,False,0
Chase,,1/4/2013 - 2/3/2013,1/4/2013,,$0.00,$0.00,$221.88,$221.88,$0.00,$0.00,$221.88,[],166968,166968,80,Credit Card Report,111,13739,D,,fa62c580-46dc-499c-8f69-8a232f449f6c,2013,2/3/2013,2/11/2013,"Monday, February 11, 2013",False,False,False,,0,0,True,False,False,False,False,False,False,True,False,False,False,True,False,False,0
Case,,12/4/2012 - 1/3/2013,12/4/2012,,$0.00,$0.00,$31.88,$31.88,$0.00,$0.00,$31.88,[],164734,164734,80,Credit Card Report,111,13739,D,,de1f20bd-bd41-4345-b687-0afef1eeb997,2013,1/3/2013,1/14/2013,"Monday, January 14, 2013",True,False,False,Correct Vendor Address,164733,0,True,False,False,False,False,False,False,True,False,False,False,True,False,False,0
Chase,,11/4/2012 - 12/3/2012,11/4/2012,,$0.00,$0.00,$32.77,$32.77,$0.00,$0.00,$32.77,[],163314,163314,80,Credit Card Report,111,13739,D,,14a0556b-c416-4fe4-8736-6918be833449,2012,12/3/2012,12/17/2012,"Monday, December 17, 2012",False,False,False,,0,0,True,False,False,False,False,False,False,True,False,False,False,True,False,False,0
Chase,,9/4/2012 - 11/3/2012,9/4/2012,,$0.00,$0.00,$101.69,$101.69,$0.00,$0.00,$101.69,[],162438,162438,80,Credit Card Report,111,13739,D,,c9c4e75d-9ac8-426c-a750-71c25c1ce1ab,2012,11/3/2012,11/27/2012,"Tuesday, November 27, 2012",False,False,False,,0,0,True,False,False,False,False,False,False,True,False,False,False,True,False,False,0
CHASE,,7/1/2012 - 9/3/2012,7/1/2012,,$0.00,$0.00,$261.03,$261.03,$0.00,$0.00,$261.03,[],164737,164737,80,Credit Card Report,111,13739,D,,8ebaeb0f-b44c-49f8-b06f-9c2b9c87de9d,2012,9/3/2012,1/14/2013,"Monday, January 14, 2013",True,False,False,Misfiled date,159183,0,True,False,False,False,False,False,False,True,False,False,False,True,False,False,0
Chase,,5/4/2012 - 6/3/2012,5/4/2012,,$0.00,$0.00,$31.88,$31.88,$0.00,$0.00,$31.88,[],154073,154073,80,Credit Card Report,111,13739,D,,96b56a1a-9754-47e6-b662-0ecea6122806,2012,6/3/2012,6/29/2012,"Friday, June 29, 2012",False,False,False,,0,0,True,False,False,False,False,False,False,True,False,False,False,True,False,False,0
Chase,,4/4/2012 - 5/3/2012,4/4/2012,,$0.00,$0.00,$32.05,$32.05,$0.00,$0.00,$32.05,[],152634,152634,80,Credit Card Report,111,13739,D,,f4bc7d34-2f7a-46a3-aa7d-6e2d8463d346,2012,5/3/2012,5/18/2012,"Friday, May 18, 2012",False,False,False,,0,0,True,False,False,False,False,False,False,True,False,False,False,True,False,False,0
Chase,,3/4/2012 - 4/3/2012,3/4/2012,,$0.00,$0.00,$47.31,$47.31,$0.00,$0.00,$47.31,[],151343,151343,80,Credit Card Report,111,13739,D,,f637460c-b7b6-40a3-b904-342212b0afea,2012,4/3/2012,4/12/2012,"Thursday, April 12, 2012",False,False,False,,0,0,True,False,False,False,False,False,False,True,False,False,False,True,False,False,0
Chase,,2/4/2012 - 3/3/2012,2/4/2012,,$0.00,$0.00,$31.88,$31.88,$0.00,$0.00,$31.88,[],150760,150760,80,Credit Card Report,111,13739,D,,929f5d2c-8027-4a87-b496-34580adae942,2012,3/3/2012,3/29/2012,"Thursday, March 29, 2012",False,False,False,,0,0,True,False,False,False,False,False,False,True,False,False,False,True,False,False,0
Chase,,1/4/2012 - 2/3/2012,1/4/2012,,$0.00,$0.00,$31.88,$31.88,$0.00,$0.00,$31.88,[],149504,149504,80,Credit Card Report,111,13739,D,,5e301a4b-cd1a-452b-b93a-dc3689e38500,2012,2/3/2012,2/24/2012,"Friday, February 24, 2012",False,False,False,,0,0,True,False,False,False,False,False,False,True,False,False,False,True,False,False,0
Chase,,12/4/2011 - 1/3/2012,12/4/2011,,$0.00,$0.00,$31.88,$31.88,$0.00,$0.00,$31.88,[],146947,146947,80,Credit Card Report,111,13739,D,,9648f188-5ddc-48e1-972b-d9f4386e6208,2012,1/3/2012,1/12/2012,"Thursday, January 12, 2012",False,False,False,,0,0,True,False,False,False,False,False,False,True,False,False,False,True,False,False,0
Chase,,11/4/2011 - 12/3/2011,11/4/2011,,$0.00,$0.00,$154.11,$154.11,$0.00,$0.00,$154.11,[],145434,145434,80,Credit Card Report,111,13739,D,,feeea4a0-a15c-40a3-a937-1535392c0f64,2011,12/3/2011,12/13/2011,"Tuesday, December 13, 2011",False,False,False,,0,0,True,False,False,False,False,False,False,True,False,False,False,True,False,False,0
Chase,,10/4/2011 - 11/3/2011,10/4/2011,,$0.00,$0.00,$996.40,$996.40,$0.00,$0.00,$996.40,[],144669,144669,80,Credit Card Report,111,13739,D,,0e17daf9-779f-4e07-90c1-4069ec862408,2011,11/3/2011,11/22/2011,"Tuesday, November 22, 2011",False,False,False,,0,0,True,False,False,False,False,False,False,True,False,False,False,True,False,False,0
Chase,,9/5/2011 - 10/3/2011,9/5/2011,,$0.00,$0.00,"$2,134.07","$2,134.07",$0.00,$0.00,"$2,134.07",[],144666,144666,80,Credit Card Report,111,13739,D,,2644e53d-43be-4fb6-9307-16b08bf18d65,2011,10/3/2011,11/22/2011,"Tuesday, November 22, 2011",True,False,False,Replacement check #1522 issued for #1503 check lost in mail. No other changes.,142476,0,True,False,False,False,False,False,False,True,False,False,False,True,False,False,0
Chase,,8/4/2011 - 9/3/2011,8/4/2011,,$0.00,$0.00,$766.10,$766.10,$0.00,$0.00,$766.10,[],141806,141806,80,Credit Card Report,111,13739,D,,a15f35a8-ba77-4cc6-8706-6b8fb5f05f41,2011,9/3/2011,9/30/2011,"Friday, September 30, 2011",False,False,False,,0,0,True,False,False,False,False,False,False,True,False,False,False,True,False,False,0
Chase,,7/4/2011 - 8/3/2011,7/4/2011,,$0.00,$0.00,$261.22,$261.22,$0.00,$0.00,$261.22,[],139623,139623,80,Credit Card Report,111,13739,D,,51fd55ea-4317-4064-a7bd-9bb80cc3b3c0,2011,8/3/2011,8/16/2011,"Tuesday, August 16, 2011",False,False,False,,0,0,True,False,False,False,False,False,False,True,False,False,False,True,False,False,0
Chase,,6/5/2011 - 7/3/2011,6/5/2011,,$0.00,$0.00,"$1,171.58","$1,171.58",$0.00,$0.00,"$1,171.58",[],137644,137644,80,Credit Card Report,111,13739,D,,a04d59db-626f-4274-a1bd-5cc56a72f579,2011,7/3/2011,7/14/2011,"Thursday, July 14, 2011",False,False,False,,0,0,True,False,False,False,False,False,False,True,False,False,False,True,False,False,0
Chase,,5/4/2011 - 6/3/2011,5/4/2011,,$0.00,$0.00,$792.73,$792.73,$0.00,$0.00,$792.73,[],136549,136549,80,Credit Card Report,111,13739,D,,f99c7be1-a02c-442b-b720-5af69967da37,2011,6/3/2011,6/22/2011,"Wednesday, June 22, 2011",False,False,False,,0,0,True,False,False,False,False,False,False,True,False,False,False,True,False,False,0
chase,,4/4/2011 - 5/3/2011,4/4/2011,,$0.00,$0.00,$200.00,$200.00,$200.00,$0.00,$0.00,[],135425,135425,80,Credit Card Report,111,13739,D,,147f698a-3cfa-4a21-ada9-023400ead09b,2011,5/3/2011,5/23/2011,"Monday, May 23, 2011",False,False,False,,0,0,True,False,False,False,False,False,False,True,False,False,False,True,False,False,0
Chase,,3/4/2011 - 4/3/2011,3/4/2011,,$0.00,$0.00,$327.06,$327.06,$0.00,$0.00,$327.06,[],134340,134340,80,Credit Card Report,111,13739,D,,d01e1d39-13ad-4370-9a64-7012dda1bd51,2011,4/3/2011,4/26/2011,"Tuesday, April 26, 2011",False,False,False,,0,0,True,False,False,False,False,False,False,True,False,False,False,True,False,False,0
CHASE,,1/31/2011 - 2/28/2011,1/31/2011,,$0.00,$0.00,$132.00,$132.00,$0.00,$0.00,$132.00,[],132606,132606,80,Credit Card Report,111,13739,D,,e6f22336-c736-471d-a0ac-a3fe33819791,2011,2/28/2011,3/11/2011,"Friday, March 11, 2011",False,False,False,,0,0,True,False,False,False,False,False,False,True,False,False,False,True,False,False,0
Chase,,1/4/2011 - 2/3/2011,1/4/2011,,$284.60,$0.00,$44.00,$44.00,$284.60,$0.00,$44.00,[],131870,131870,80,Credit Card Report,111,13739,D,,bf83eb9d-1856-4529-844e-ecd8a297167f,2011,2/3/2011,2/24/2011,"Thursday, February 24, 2011",False,False,False,,0,0,True,False,False,False,False,False,False,True,False,False,False,True,False,False,0
Chase,,12/4/2010 - 1/3/2011,12/4/2010,,$0.00,$0.00,$284.60,$284.60,$0.00,$0.00,$284.60,[],128961,128961,80,Credit Card Report,111,13739,D,,8c1eb53a-f151-4c16-a133-b1dbf817160a,2011,1/3/2011,1/13/2011,"Thursday, January 13, 2011",False,False,False,,0,0,True,False,False,False,False,False,False,True,False,False,False,True,False,False,0
Chase,,11/4/2010 - 12/3/2010,11/4/2010,,$0.00,$0.00,$61.60,$61.60,$0.00,$0.00,$61.60,[],127802,127802,80,Credit Card Report,111,13739,D,,914a2ab7-d625-4035-9a4b-287e46a2bf09,2010,12/3/2010,12/22/2010,"Wednesday, December 22, 2010",False,False,False,,0,0,True,False,False,False,False,False,False,True,False,False,False,True,False,False,0
BoA,,8/13/2010 - 9/13/2010,8/13/2010,,$0.00,$107.40,$107.40,$214.80,$0.00,$0.00,$214.80,[],125909,125909,80,Credit Card Report,111,13739,D,,534e9e16-2962-44d4-a79b-524129cd5c8f,2010,9/13/2010,11/9/2010,"Tuesday, November 9, 2010",True,False,False,,122297,0,True,False,False,False,False,False,False,True,False,False,False,True,False,False,0
BoA,,3/13/2010 - 4/13/2010,3/13/2010,,$0.00,$0.00,$110.52,$110.52,$0.00,$1.50,$112.02,[],114474,114474,80,Credit Card Report,111,13739,D,,14188797-27a4-4f73-9457-cd5c4df53c9c,2010,4/13/2010,6/25/2010,"Friday, June 25, 2010",False,False,False,,0,0,True,False,False,False,False,False,False,True,False,False,False,True,False,False,0
BOA,,11/13/2009 - 12/11/2009,11/13/2009,,$0.00,$0.00,$20.15,$20.15,$0.00,$0.00,$20.15,[],104547,104547,80,Credit Card Report,111,13739,D,,8d74f759-4ac3-470c-b3ce-529c4537935f,2009,12/11/2009,12/30/2009,"Wednesday, December 30, 2009",False,False,False,,0,0,True,False,False,False,False,False,False,True,False,False,False,True,False,False,0
BoA,,10/15/2009 - 11/12/2009,10/15/2009,,$0.00,$0.00,"$4,130.18","$4,130.18","$4,130.18",$0.00,$0.00,[],102943,102943,80,Credit Card Report,111,13739,D,,dac2dfdd-71f7-4395-9b87-1d8f72325d75,2009,11/12/2009,11/20/2009,"Friday, November 20, 2009",False,False,False,,0,0,True,False,False,False,False,False,False,True,False,False,False,True,False,False,0
BofA,,9/15/2009 - 10/14/2009,9/15/2009,,$0.00,$61.70,$380.51,$442.21,$442.21,$0.00,$0.00,[],101460,101460,80,Credit Card Report,111,13739,D,,d67efcb9-7d55-400e-a693-460d6770abd1,2009,10/14/2009,10/22/2009,"Thursday, October 22, 2009",False,False,False,,0,0,True,False,False,False,False,False,False,True,False,False,False,True,False,False,0
BoA,,8/13/2009 - 9/14/2009,8/13/2009,,$0.00,$0.00,$472.02,$472.02,$472.02,$0.00,$0.00,[],100953,100953,80,Credit Card Report,111,13739,D,,9980fdcf-e8a8-4589-b16e-5e1d5bf5c74d,2009,9/14/2009,10/14/2009,"Wednesday, October 14, 2009",False,False,False,,0,0,True,False,False,False,False,False,False,True,False,False,False,True,False,False,0
BoA,,7/14/2009 - 8/12/2009,7/14/2009,,$0.00,$0.00,$553.01,$553.01,$0.00,$0.00,$553.01,[],100877,100877,80,Credit Card Report,111,13739,D,,e786dcc0-9586-4ecc-b1fe-e2ce3f0e9e4a,2009,8/12/2009,10/10/2009,"Saturday, October 10, 2009",True,False,False,Corrected rebate credited on subsequent bill,100876,0,True,False,False,False,False,False,False,True,False,False,False,True,False,False,0
BoA,,6/11/2009 - 7/13/2009,6/11/2009,,$0.00,$0.00,$191.70,$191.70,$191.70,$0.00,$0.00,[],97584,97584,80,Credit Card Report,111,13739,D,,663341a3-31db-4229-8703-4eeae48dd26c,2009,7/13/2009,7/31/2009,"Friday, July 31, 2009",False,False,False,,0,0,True,False,False,False,False,False,False,True,False,False,False,True,False,False,0
MC,,5/13/2009 - 6/10/2009,5/13/2009,,$0.00,$0.00,"$2,941.43","$2,941.43","$2,941.43",$0.00,$0.00,[],96195,96195,80,Credit Card Report,111,13739,D,,c6ffeda8-5d2d-42ac-bcd7-451c5d442385,2009,6/10/2009,6/29/2009,"Monday, June 29, 2009",True,False,False,Forgot to enter in Check number and amount.,95963,0,True,False,False,False,False,False,False,True,False,False,False,True,False,False,0
BoA,,4/11/2009 - 5/12/2009,4/11/2009,,$0.00,$0.00,$88.00,$88.00,$88.00,$0.00,$0.00,[],95163,95163,80,Credit Card Report,111,13739,D,,d49be2ae-d8cf-4643-9380-71d2cc7f401d,2009,5/12/2009,5/29/2009,"Friday, May 29, 2009",False,False,False,,0,0,True,False,False,False,False,False,False,True,False,False,False,True,False,False,0
BoA,,3/13/2009 - 4/10/2009,3/13/2009,,$0.00,$184.13,$198.88,$383.01,$385.98,$2.97,$0.00,[],94145,94145,80,Credit Card Report,111,13739,D,,8d8e7429-f4d3-48ed-b0e8-9e93f67ab900,2009,4/10/2009,4/27/2009,"Monday, April 27, 2009",False,False,False,,0,0,True,False,False,False,False,False,False,True,False,False,False,True,False,False,0
BoA,,2/13/2009 - 3/12/2009,2/13/2009,,$0.00,$0.00,$169.01,$169.01,$169.01,$0.00,$0.00,[],93504,93504,80,Credit Card Report,111,13739,D,,66326e3e-335b-410b-aaf4-ac979c5b6fef,2009,3/12/2009,4/2/2009,"Thursday, April 2, 2009",False,False,False,,0,0,True,False,False,False,False,False,False,True,False,False,False,True,False,False,0
BOA,,2/13/2008 - 3/12/2008,2/13/2008,,$0.00,$0.00,$95.52,$95.52,$95.52,$0.00,$0.00,[],79293,79293,80,Credit Card Report,111,13739,D,,8be6a4c8-5deb-4aad-a220-dde745a6c88a,2008,3/12/2008,4/30/2008,"Wednesday, April 30, 2008",False,False,False,,0,0,True,False,False,False,False,False,False,True,False,False,False,True,False,False,0
Bank of America 01,,12/13/2007 - 1/12/2008,12/13/2007,,$20.01,$27.29,$150.79,$178.08,$20.01,$0.00,$178.08,[],77418,77418,80,Credit Card Report,111,13739,D,,34ef99dd-5214-4eac-b3d3-f92863c7ff62,2008,1/12/2008,3/2/2008,"Sunday, March 2, 2008",False,False,False,,0,0,True,False,False,False,False,False,False,True,False,False,False,True,False,False,0
Bank of America 12,,11/11/2007 - 12/12/2007,11/11/2007,,$778.92,$20.01,$0.00,$20.01,$778.92,$0.00,$20.01,[],74224,74224,80,Credit Card Report,111,13739,D,,db874b42-6101-4fe0-a9b9-69fe39b00350,2007,12/12/2007,12/30/2007,"Sunday, December 30, 2007",False,False,False,,0,0,True,False,False,False,False,False,False,True,False,False,False,True,False,False,0
Bank of America 10,,10/13/2007 - 11/10/2007,10/13/2007,,$0.00,$187.97,$590.95,$778.92,$0.00,$0.00,$778.92,[],72931,72931,80,Credit Card Report,111,13739,D,,d69971e7-594c-431e-9d33-5747362cbf9d,2007,11/10/2007,11/21/2007,"Wednesday, November 21, 2007",False,False,False,,0,0,True,False,False,False,False,False,False,True,False,False,False,True,False,False,0
Bank of America 09,,9/13/2007 - 10/12/2007,9/13/2007,,"$1,139.69",$150.81,"$3,996.07","$4,146.88","$1,139.69",$0.00,"$4,146.88",[],72930,72930,80,Credit Card Report,111,13739,D,,5663b2d0-2f41-44d1-acae-d2927bc7f01c,2007,10/12/2007,11/21/2007,"Wednesday, November 21, 2007",False,False,False,,0,0,True,False,False,False,False,False,False,True,False,False,False,True,False,False,0
BOA,,8/14/2007 - 9/12/2007,8/14/2007,,$143.84,$90.18,"$1,180.00","$1,283.53",$287.68,$13.35,"$1,153.04",[],70745,70745,80,Credit Card Report,111,13739,D,,8ebb528c-8bd6-45bc-bf66-9ffc76c2f4f5,2007,9/12/2007,10/7/2007,"Sunday, October 7, 2007",False,False,False,,0,0,True,False,False,False,False,False,False,True,False,False,False,True,False,False,0
Bank of America 08,,7/14/2007 - 8/13/2007,7/14/2007,,"$2,307.61",$56.45,$82.00,$143.84,"$2,307.61",$5.39,$149.23,[],69470,69470,80,Credit Card Report,111,13739,D,,99ec77d2-4ec6-4da8-90f0-00a7b7a14e60,2007,8/13/2007,9/11/2007,"Tuesday, September 11, 2007",True,False,False,change check # used for payment,69454,0,True,False,False,False,False,False,False,True,False,False,False,True,False,False,0
Bank of America 07,,6/12/2007 - 7/13/2007,6/12/2007,,"$2,044.20",$65.88,$166.98,$263.41,$0.00,$30.55,"$2,338.16",[],69469,69469,80,Credit Card Report,111,13739,D,,508d08b0-4410-4f2d-8536-89efb32ed32d,2007,7/13/2007,9/11/2007,"Tuesday, September 11, 2007",True,False,False,add check # used for payment,69451,0,True,False,False,False,False,False,False,True,False,False,False,True,False,False,0
Bank of America 06,,5/12/2007 - 6/13/2007,5/12/2007,,$480.00,$408.87,"$1,632.96","$2,051.55",$487.35,$9.72,"$2,053.92",[],69475,69475,80,Credit Card Report,111,13739,D,,78163065-381b-44ea-81ea-45558c94a1e6,2007,6/13/2007,9/11/2007,"Tuesday, September 11, 2007",True,False,False,edit entry,69473,0,True,False,False,False,False,False,False,True,False,False,False,True,False,False,0
Bank of America 05,,4/11/2007 - 5/11/2007,4/11/2007,,$0.00,$0.00,$480.00,$480.00,$0.00,$0.00,$480.00,[],69468,69468,80,Credit Card Report,111,13739,D,,bf103f98-c30f-4bb5-bdad-3fafb9178912,2007,5/11/2007,9/11/2007,"Tuesday, September 11, 2007",True,False,False,add check # used for payment,69450,0,True,False,False,False,False,False,False,True,False,False,False,True,False,False,0
BOA,,2/1/2007 - 2/28/2007,2/1/2007,,$0.00,$432.98,$0.00,$432.98,$432.98,$0.00,$0.00,[],62915,62915,80,Credit Card Report,111,13739,D,,909d809b-3b09-4b80-b9f7-865e92093cc5,2007,2/28/2007,2/27/2007,"Tuesday, February 27, 2007",False,False,False,,0,0,True,False,False,False,False,False,False,True,False,False,False,True,False,False,0
MBNA,,11/12/2005 - 12/10/2005,11/12/2005,,$0.00,$66.20,$0.00,$77.20,$77.20,$11.00,$11.00,[],37536,37536,80,Credit Card Report,111,13739,D,,763c2ce8-b896-4129-944f-d0ce90b84e82,2005,12/10/2005,12/27/2005,"Tuesday, December 27, 2005",False,False,False,,0,0,True,False,False,False,False,False,False,True,False,False,False,True,False,False,0
MBNA,,10/13/2005 - 11/11/2005,10/13/2005,,$0.00,$171.08,"$1,016.34","$1,187.42","$1,187.42",$0.00,$0.00,[],36467,36467,80,Credit Card Report,111,13739,D,,d36918bd-02b3-4258-a2c0-2c885cfca0c0,2005,11/11/2005,12/1/2005,"Thursday, December 1, 2005",False,False,False,,0,0,True,False,False,False,False,False,False,True,False,False,False,True,False,False,0
MBNA,,9/14/2005 - 10/12/2005,9/14/2005,,$0.00,$52.28,"$1,072.73","$1,125.01","$1,125.01",$0.00,$0.00,[],34808,34808,80,Credit Card Report,111,13739,D,,3892481d-5c96-4836-9a8a-97af6aa8b9d4,2005,10/12/2005,10/24/2005,"Monday, October 24, 2005",False,False,False,,0,0,True,False,False,False,False,False,False,True,False,False,False,True,False,False,0
MBNA,,8/12/2005 - 9/13/2005,8/12/2005,,$0.00,$111.97,$240.41,$352.38,$352.38,$0.00,$0.00,[],33451,33451,80,Credit Card Report,111,13739,D,,4daf5996-c65b-4878-8855-2850d1f0b5f7,2005,9/13/2005,9/29/2005,"Thursday, September 29, 2005",False,False,False,,0,0,True,False,False,False,False,False,False,True,False,False,False,True,False,False,0
MBNA,,7/14/2005 - 8/11/2005,7/14/2005,,$0.00,$169.68,"$1,810.92","$1,980.60","$1,980.60",$0.00,$0.00,[],31708,31708,80,Credit Card Report,111,13739,D,,ed2f5d0d-2f0a-4af5-9865-1274ac8bf855,2005,8/11/2005,8/24/2005,"Wednesday, August 24, 2005",False,False,False,,0,0,True,False,False,False,False,False,False,True,False,False,False,True,False,False,0
MBNA,,6/14/2005 - 7/13/2005,6/14/2005,,$0.00,$381.60,"$1,041.80","$1,423.40","$1,423.40",$0.00,$0.00,[],30941,30941,80,Credit Card Report,111,13739,D,,ca0e180a-622b-49fa-95b4-8bac161b0549,2005,7/13/2005,8/4/2005,"Thursday, August 4, 2005",False,False,False,,0,0,True,False,False,False,False,False,False,True,False,False,False,True,False,False,0
MBNA,,5/13/2005 - 6/13/2005,5/13/2005,,$0.00,$526.92,"$1,632.36","$2,159.28","$2,159.28",$0.00,$0.00,[],29144,29144,80,Credit Card Report,111,13739,D,,fee698cc-127f-49ed-9466-347876e7e829,2005,6/13/2005,6/30/2005,"Thursday, June 30, 2005",False,False,False,,0,0,True,False,False,False,False,False,False,True,False,False,False,True,False,False,0
MBNA,,4/14/2005 - 5/12/2005,4/14/2005,,$0.00,$27.30,$129.00,$156.30,$0.00,$0.00,$156.30,[],28053,28053,80,Credit Card Report,111,13739,D,,4e1bae67-f618-4328-ae11-6f6fc5c90075,2005,5/12/2005,5/31/2005,"Tuesday, May 31, 2005",False,False,False,,0,0,True,False,False,False,False,False,False,True,False,False,False,True,False,False,0
MBNA,,3/12/2005 - 4/13/2005,3/12/2005,,$0.00,$94.25,$300.50,$394.75,$394.75,$0.00,$0.00,[],27387,27387,80,Credit Card Report,111,13739,D,,fa7e0458-d2fc-49bc-bb35-493453467110,2005,4/13/2005,5/7/2005,"Saturday, May 7, 2005",False,False,False,,0,0,True,False,False,False,False,False,False,True,False,False,False,True,False,False,0
MBNA,,2/11/2005 - 3/11/2005,2/11/2005,,$317.83,$0.00,$317.83,$317.83,$317.83,$0.00,$317.83,[],26018,26018,80,Credit Card Report,111,13739,D,,de07963a-7f32-403d-8ee5-ebe300be0f0c,2005,3/11/2005,3/31/2005,"Thursday, March 31, 2005",False,False,False,,0,0,True,False,False,False,False,False,False,True,False,False,False,True,False,False,0
MBNA  America ,,10/14/2004 - 1/12/2005,10/14/2004,,$890.52,$27.89,$862.63,$890.52,$890.52,$0.00,$890.52,[],24459,24459,80,Credit Card Report,111,13739,D,,5d7befc6-1ad4-473b-8b2a-90810297e67b,2005,1/12/2005,2/1/2005,"Tuesday, February 1, 2005",False,False,False,,0,0,True,False,False,False,False,False,False,True,False,False,False,True,False,False,0
BOA 08,,8/16/2007 - 8/31/2007,8/16/2007,,$0.00,$0.00,$251.21,$251.21,$0.00,$0.00,$251.21,[],70909,70909,80,Credit Card Report,111,14706,D,,9135f06f-27df-40b9-a42b-711b1ecebede,2007,8/31/2007,10/15/2007,"Monday, October 15, 2007",False,False,False,,0,0,True,False,False,False,False,False,False,True,False,False,False,True,False,False,0
BOA,,8/16/2007 - 8/30/2007,8/16/2007,,$0.00,$0.00,$72.63,$72.63,$0.00,$0.00,$72.63,[],70910,70910,80,Credit Card Report,111,14706,D,,4afec31a-69a0-4ea4-a508-34b3c11730d9,2007,8/30/2007,10/15/2007,"Monday, October 15, 2007",False,False,False,,0,0,True,False,False,False,False,False,False,True,False,False,False,True,False,False,0
Visa,,10/16/2009 - 11/13/2009,10/16/2009,,$0.00,$0.00,"$2,062.61","$2,062.61","$2,062.61",$0.00,$0.00,[],107117,107117,80,Credit Card Report,111,14726,D,,6d2f57a0-8256-41d0-96d2-b7f04e10e51b,2009,11/13/2009,1/26/2010,"Tuesday, January 26, 2010",False,False,False,,0,0,True,False,False,False,False,False,False,True,False,False,False,True,False,False,0
Visa,,9/16/2009 - 10/15/2009,9/16/2009,,$0.00,$0.00,"$2,306.07","$2,306.07","$2,306.07",$0.00,$0.00,[],107116,107116,80,Credit Card Report,111,14726,D,,577b4955-a240-44d2-b062-a80b05a4c00a,2009,10/15/2009,1/26/2010,"Tuesday, January 26, 2010",False,False,False,,0,0,True,False,False,False,False,False,False,True,False,False,False,True,False,False,0
UMass,,8/13/2009 - 9/15/2009,8/13/2009,,$0.00,$0.00,$358.08,$358.08,$0.00,$0.00,$358.08,[],100026,100026,80,Credit Card Report,111,14726,D,,2cb6afa7-478c-46c7-b329-183775ad1aa5,2009,9/15/2009,9/23/2009,"Wednesday, September 23, 2009",False,False,False,,0,0,True,False,False,False,False,False,False,True,False,False,False,True,False,False,0
UMass,,7/13/2009 - 8/13/2009,7/13/2009,,$0.00,$0.00,$726.32,$726.32,$726.32,$0.00,$0.00,[],99312,99312,80,Credit Card Report,111,14726,D,,04357830-e3c1-4bd6-b636-681695ea7dfd,2009,8/13/2009,9/7/2009,"Monday, September 7, 2009",False,False,False,,0,0,True,False,False,False,False,False,False,True,False,False,False,True,False,False,0
Visa,,3/13/2009 - 4/13/2009,3/13/2009,,$0.00,$221.21,$0.00,$221.21,$221.21,$0.00,$0.00,[],96765,96765,80,Credit Card Report,111,14726,D,,56d0c3a1-36bc-48f6-9915-b0a7ee9d7f48,2009,4/13/2009,7/8/2009,"Wednesday, July 8, 2009",False,False,False,,0,0,True,False,False,False,False,False,False,True,False,False,False,True,False,False,0
UMass,,11/14/2007 - 12/13/2007,11/14/2007,,$0.00,$0.00,"$2,029.85","$2,029.85","$2,029.85",$0.00,$0.00,[],78751,78751,80,Credit Card Report,111,14726,D,,1f95ec26-520d-4203-ad86-79aafeaea57b,2007,12/13/2007,4/6/2008,"Sunday, April 6, 2008",True,False,False,Description of expenditure added to list Office Supplies as the purpose of the expense.,77411,0,True,False,False,False,False,False,False,True,False,False,False,True,False,False,0
UMass,,10/16/2007 - 11/13/2007,10/16/2007,,$0.00,$0.00,"$2,337.10","$2,337.10","$2,337.10",$0.00,$0.00,[],75374,75374,80,Credit Card Report,111,14726,D,,3bb23727-c327-49c6-b280-77efddcea473,2007,11/13/2007,1/17/2008,"Thursday, January 17, 2008",False,False,False,,0,0,True,False,False,False,False,False,False,True,False,False,False,True,False,False,0
UMass,,9/14/2007 - 10/15/2007,9/14/2007,,$0.00,$0.00,"$2,464.04","$2,464.04","$2,464.04",$0.00,$0.00,[],75370,75370,80,Credit Card Report,111,14726,D,,b3fff131-c0e4-4e14-85d4-d6d3313ced7d,2007,10/15/2007,1/17/2008,"Thursday, January 17, 2008",True,False,False,Deposit return added as credit and correct payment entered,71458,0,True,False,False,False,False,False,False,True,False,False,False,True,False,False,0
UMass,,8/13/2007 - 9/13/2007,8/13/2007,,$0.00,$0.00,"$1,524.56","$1,524.56","$1,524.56",$0.00,$0.00,[],75369,75369,80,Credit Card Report,111,14726,D,,b81a40e2-2a16-437c-8a69-18f558fccb67,2007,9/13/2007,1/17/2008,"Thursday, January 17, 2008",True,False,False,Credit adjustment made and correct payment entered,70238,0,True,False,False,False,False,False,False,True,False,False,False,True,False,False,0
,,10/10/2015 - 11/9/2015,10/10/2015,,"$2,400.00",$0.00,"$3,190.62","$3,190.62",$200.00,$0.00,"$5,390.62",[],566173,566173,80,Credit Card Report,111,14936,D,,7fe788d1-fb8e-e511-80d8-0003ff506e32,2015,11/9/2015,3/7/2016,"Monday, March 7, 2016",True,True,False,"This statement has been updated to include the necessary information of ""purpose"" for the transaction amounting to $390.00 made on 11/4/2015, in compliance with a request for more information.  Please, reach out if any further information is needed.  ",554552,0,True,False,False,False,False,False,False,True,False,False,False,True,False,False,0
,,9/10/2015 - 10/9/2015,9/10/2015,,$141.40,$0.00,"$2,400.00","$2,400.00",$141.40,$0.00,"$2,400.00",[],550765,550765,80,Credit Card Report,111,14936,D,,e2b7a2d5-3a77-e511-80d7-0003ff506e32,2015,10/9/2015,10/20/2015,"Tuesday, October 20, 2015",False,False,False,,0,0,True,False,False,False,False,False,False,True,False,False,False,True,False,False,0
,,8/10/2015 - 9/9/2015,8/10/2015,,$265.57,$0.00,$141.40,$141.40,$265.57,$0.00,$141.40,[],547951,547951,80,Credit Card Report,111,14936,D,,673a83c3-d666-e511-80d6-0003ff506e32,2015,9/9/2015,9/29/2015,"Tuesday, September 29, 2015",False,False,False,,0,0,True,False,False,False,False,False,False,True,False,False,False,True,False,False,0
,,7/10/2015 - 8/9/2015,7/10/2015,,"$2,969.80",$0.00,$265.57,$265.57,"$2,969.80",$0.00,$265.57,[],543670,543670,80,Credit Card Report,111,14936,D,,3b948fe8-dc45-e511-80d5-0003ff506e32,2015,8/9/2015,8/18/2015,"Tuesday, August 18, 2015",False,False,False,,0,0,True,False,False,False,False,False,False,True,False,False,False,True,False,False,0
,,6/10/2015 - 7/9/2015,6/10/2015,,$145.00,$0.00,"$2,910.80","$2,910.80",$86.00,$0.00,"$2,969.80",[],541029,541029,80,Credit Card Report,111,14936,D,,aa94080b-4535-e511-80d4-0003ff506e32,2015,7/9/2015,7/28/2015,"Tuesday, July 28, 2015",False,False,False,,0,0,True,False,False,False,False,False,False,True,False,False,False,True,False,False,0
,,5/10/2015 - 6/9/2015,5/10/2015,,$0.00,$0.00,$43.50,$43.50,$0.00,$0.00,$43.50,[],541028,541028,80,Credit Card Report,111,14936,D,,b91cb372-4335-e511-80d4-0003ff506e32,2015,6/9/2015,7/28/2015,"Tuesday, July 28, 2015",False,False,False,,0,0,True,False,False,False,False,False,False,True,False,False,False,True,False,False,0
,,4/10/2015 - 5/9/2015,4/10/2015,,$0.00,$0.00,$42.50,$42.50,$42.50,$0.00,$0.00,[],534223,534223,80,Credit Card Report,111,14936,D,,fba60716-0f03-e511-80cf-0003ff506e32,2015,5/9/2015,5/25/2015,"Monday, May 25, 2015",False,False,False,,0,0,True,False,False,False,False,False,False,True,False,False,False,True,False,False,0
Visa,,12/10/2013 - 1/9/2014,12/10/2013,,$166.21,$0.00,$106.54,$106.54,$10.00,$0.00,$262.75,[],188370,188370,80,Credit Card Report,111,14936,D,,c357acc6-5480-4c03-b15e-97267205be87,2014,1/9/2014,1/20/2014,"Monday, January 20, 2014",False,False,False,,0,0,True,False,False,False,False,False,False,True,False,False,False,True,False,False,0
Visa,,11/10/2013 - 12/9/2013,11/10/2013,,"$8,007.68",$0.00,$166.21,$166.21,"$8,007.68",$0.00,$166.21,[],186118,186118,80,Credit Card Report,111,14936,D,,d9129d2d-1045-4ec0-9d47-9a064451048a,2013,12/9/2013,1/2/2014,"Thursday, January 2, 2014",False,False,False,,0,0,True,False,False,False,False,False,False,True,False,False,False,True,False,False,0
Visa,,10/10/2013 - 11/9/2013,10/10/2013,,"$2,889.86",$0.00,"$5,270.55","$5,270.55",$152.73,$0.00,"$8,007.68",[],184835,184835,80,Credit Card Report,111,14936,D,,f5085871-dcc1-4cc0-98eb-d24e33e89ce6,2013,11/9/2013,12/5/2013,"Thursday, December 5, 2013",False,False,False,,0,0,True,False,False,False,False,False,False,True,False,False,False,True,False,False,0
Visa,,9/10/2013 - 10/9/2013,9/10/2013,,"$1,853.57",$0.00,"$1,073.56","$1,073.56",$37.27,$0.00,"$2,889.86",[],182946,182946,80,Credit Card Report,111,14936,D,,3a77e815-06d1-4b30-9405-a5f8c4553d6d,2013,10/9/2013,11/5/2013,"Tuesday, November 5, 2013",False,False,False,,0,0,True,False,False,False,False,False,False,True,False,False,False,True,False,False,0
Visa,,8/10/2013 - 9/9/2013,8/10/2013,,"$1,542.03",$0.00,$343.26,$343.26,$31.72,$0.00,"$1,853.57",[],180630,180630,80,Credit Card Report,111,14936,D,,b33f644e-0aba-49be-9231-7fda18efdf5e,2013,9/9/2013,10/3/2013,"Thursday, October 3, 2013",False,False,False,,0,0,True,False,False,False,False,False,False,True,False,False,False,True,False,False,0
Visa,,7/10/2013 - 8/9/2013,7/10/2013,,"$1,407.26",$0.00,$163.21,$163.21,$28.44,$0.00,"$1,542.03",[],180270,180270,80,Credit Card Report,111,14936,D,,a8487ea0-835c-45e3-b9f5-08b0207c7085,2013,8/9/2013,10/1/2013,"Tuesday, October 1, 2013",True,False,False,correction to report period month,176847,0,True,False,False,False,False,False,False,True,False,False,False,True,False,False,0
Visa,,6/10/2013 - 7/9/2013,6/10/2013,,"$1,444.01",$0.00,$52.70,$52.70,$89.45,$0.00,"$1,407.26",[],180271,180271,80,Credit Card Report,111,14936,D,,eb2d4093-1b04-4360-a66e-b25f8cedc899,2013,7/9/2013,10/1/2013,"Tuesday, October 1, 2013",True,False,False,correction to report period month,176844,0,True,False,False,False,False,False,False,True,False,False,False,True,False,False,0
Visa,,5/10/2013 - 6/9/2013,5/10/2013,,$112.76,$0.00,"$1,331.25","$1,331.25",$0.00,$0.00,"$1,444.01",[],180272,180272,80,Credit Card Report,111,14936,D,,7e7551ad-4979-49b0-9e5a-7b0b877d51f5,2013,6/9/2013,10/1/2013,"Tuesday, October 1, 2013",True,False,False,correction to report period month,176842,0,True,False,False,False,False,False,False,True,False,False,False,True,False,False,0
Visa,,4/10/2013 - 5/9/2013,4/10/2013,,$47.38,$0.00,$75.38,$75.38,$10.00,$0.00,$112.76,[],180273,180273,80,Credit Card Report,111,14936,D,,dbf1466d-db99-43b1-9bd3-9d2a940c7dd4,2013,5/9/2013,10/1/2013,"Tuesday, October 1, 2013",True,False,False,correction to report period month,176841,0,True,False,False,False,False,False,False,True,False,False,False,True,False,False,0
Visa,,3/10/2013 - 4/9/2013,3/10/2013,,$56.38,$0.00,$1.00,$1.00,$10.00,$0.00,$47.38,[],180274,180274,80,Credit Card Report,111,14936,D,,9a52f434-f299-4d2a-a7c9-3fd89092ddc1,2013,4/9/2013,10/1/2013,"Tuesday, October 1, 2013",True,False,False,correction to report period month,176840,0,True,False,False,False,False,False,False,True,False,False,False,True,False,False,0
Visa,,2/10/2013 - 3/9/2013,2/10/2013,,$28.19,$0.00,$38.19,$38.19,$10.00,$0.00,$56.38,[],180275,180275,80,Credit Card Report,111,14936,D,,ee3bd62d-61d7-4d25-b081-c3b2b52a8c9e,2013,3/9/2013,10/1/2013,"Tuesday, October 1, 2013",True,False,False,correction to report period month,176839,0,True,False,False,False,False,False,False,True,False,False,False,True,False,False,0
Visa,,1/10/2013 - 2/9/2013,1/10/2013,,$83.57,$0.00,$38.19,$38.19,$93.57,$0.00,$28.19,[],180276,180276,80,Credit Card Report,111,14936,D,,08cfff55-ed96-4c7c-8949-5c72211a7c77,2013,2/9/2013,10/1/2013,"Tuesday, October 1, 2013",True,False,False,correction to report period month,176838,0,True,False,False,False,False,False,False,True,False,False,False,True,False,False,0
Visa,,12/10/2012 - 1/9/2013,12/10/2012,,$55.38,$0.00,$38.19,$38.19,$10.00,$0.00,$83.57,[],176836,176836,80,Credit Card Report,111,14936,D,,30dd97fd-2dc9-4129-9363-da03ee84ddba,2013,1/9/2013,8/12/2013,"Monday, August 12, 2013",False,False,False,,0,0,True,False,False,False,False,False,False,True,False,False,False,True,False,False,0
Visa,,11/10/2012 - 12/9/2012,11/10/2012,,$27.19,$0.00,$38.19,$38.19,$10.00,$0.00,$55.38,[],180277,180277,80,Credit Card Report,111,14936,D,,5ec6c1bc-eff2-4d79-8ac3-9bd12221b446,2012,12/9/2012,10/1/2013,"Tuesday, October 1, 2013",True,False,False,correction to report period month,176856,0,True,False,False,False,False,False,False,True,False,False,False,True,False,False,0
Visa,,10/10/2012 - 11/9/2012,10/10/2012,,$455.27,$0.00,$37.19,$37.19,$465.27,$0.00,$27.19,[],180279,180279,80,Credit Card Report,111,14936,D,,1e79f3bd-b2f2-4887-aa26-8f5e3f74260a,2012,11/9/2012,10/1/2013,"Tuesday, October 1, 2013",True,False,False,correction to report period month,180278,0,True,False,False,False,False,False,False,True,False,False,False,True,False,False,0
Visa,,9/10/2012 - 10/9/2012,9/10/2012,,$763.18,$0.00,$42.62,$42.62,$350.53,$0.00,$455.27,[],176858,176858,80,Credit Card Report,111,14936,D,,72868640-9b0f-418a-8fc6-0566c9a4561c,2012,10/9/2012,8/12/2013,"Monday, August 12, 2013",False,False,False,,0,0,True,False,False,False,False,False,False,True,False,False,False,True,False,False,0
Visa,,8/10/2012 - 9/9/2012,8/10/2012,,$689.03,$0.00,$74.15,$74.15,$0.00,$0.00,$763.18,[],176859,176859,80,Credit Card Report,111,14936,D,,b720f9f7-f1da-413e-b9e6-97b4a7adce08,2012,9/9/2012,8/12/2013,"Monday, August 12, 2013",False,False,False,,0,0,True,False,False,False,False,False,False,True,False,False,False,True,False,False,0
Visa,,7/10/2012 - 8/9/2012,7/10/2012,,$615.72,$0.00,$73.31,$73.31,$0.00,$0.00,$689.03,[],176860,176860,80,Credit Card Report,111,14936,D,,01a5f9c1-64ba-45c3-af27-f5e6f78c760b,2012,8/9/2012,8/12/2013,"Monday, August 12, 2013",False,False,False,,0,0,True,False,False,False,False,False,False,True,False,False,False,True,False,False,0
Visa,,6/10/2012 - 7/9/2012,6/10/2012,,$671.54,$0.00,$44.18,$44.18,$100.00,$0.00,$615.72,[],176861,176861,80,Credit Card Report,111,14936,D,,608531cc-d16b-456d-bf6b-205c5829abe8,2012,7/9/2012,8/12/2013,"Monday, August 12, 2013",False,False,False,,0,0,True,False,False,False,False,False,False,True,False,False,False,True,False,False,0
Visa,,5/10/2012 - 6/9/2012,5/10/2012,,"$1,621.72",$0.00,$49.82,$49.82,"$1,000.00",$0.00,$671.54,[],176862,176862,80,Credit Card Report,111,14936,D,,9eeab2b0-9cc8-4aef-86a4-58d0120b22d9,2012,6/9/2012,8/12/2013,"Monday, August 12, 2013",False,False,False,,0,0,True,False,False,False,False,False,False,True,False,False,False,True,False,False,0
Visa,,5/10/2012 - 6/9/2012,5/10/2012,,"$1,621.72",$0.00,$49.82,$49.82,"$1,000.00",$0.00,$671.54,[],176864,176864,80,Credit Card Report,111,14936,D,,b387bb2b-8c8e-466d-af05-616fd98ab27c,2012,6/9/2012,8/12/2013,"Monday, August 12, 2013",True,False,False,adjusting balance for missed charge from prior report period,153933,0,True,False,False,False,False,False,False,True,False,False,False,True,False,False,0
Visa,,4/10/2012 - 5/9/2012,4/10/2012,,"$1,563.90",$0.00,$90.60,$90.60,$32.78,$0.00,"$1,621.72",[],176863,176863,80,Credit Card Report,111,14936,D,,01275c78-c79f-4fc5-a1c9-6564de2a588a,2012,5/9/2012,8/12/2013,"Monday, August 12, 2013",True,False,False,Adding missing charges for website services,153932,0,True,False,False,False,False,False,False,True,False,False,False,True,False,False,0
Visa,,2/10/2012 - 3/9/2012,2/10/2012,,"$1,622.49",$0.00,$52.16,$52.16,$150.00,$0.00,"$1,524.65",[],151642,151642,80,Credit Card Report,111,14936,D,,896512d1-97ad-40fd-b924-5e4764d8d980,2012,3/9/2012,4/18/2012,"Wednesday, April 18, 2012",True,False,False,"Entered under the wrong year, 2011",149088,0,True,False,False,False,False,False,False,True,False,False,False,True,False,False,0
Visa,,12/10/2011 - 1/9/2012,12/10/2011,,"$5,048.11",$0.00,$37.19,$37.19,"$2,500.00",$0.00,"$2,585.30",[],146903,146903,80,Credit Card Report,111,14936,D,,760ac118-17e7-4211-8c31-764d1a2de31c,2012,1/9/2012,1/11/2012,"Wednesday, January 11, 2012",False,False,False,,0,0,True,False,False,False,False,False,False,True,False,False,False,True,False,False,0
Visa,,11/10/2011 - 12/9/2011,11/10/2011,,"$9,977.39",$0.00,$70.72,$70.72,"$5,000.00",$0.00,"$5,048.11",[],146227,146227,80,Credit Card Report,111,14936,D,,c74e1dec-efcf-4171-a6d4-4c4371aa0659,2011,12/9/2011,1/3/2012,"Tuesday, January 3, 2012",False,False,False,,0,0,True,False,False,False,False,False,False,True,False,False,False,True,False,False,0
Visa,,10/10/2011 - 11/9/2011,10/10/2011,,"$4,682.42",$0.00,"$5,444.97","$5,444.97",$150.00,$0.00,"$9,977.39",[],144121,144121,80,Credit Card Report,111,14936,D,,ae7287b7-69f2-4861-a32a-b427e7c3d246,2011,11/9/2011,11/10/2011,"Thursday, November 10, 2011",False,False,False,,0,0,True,False,False,False,False,False,False,True,False,False,False,True,False,False,0
Visa,,9/10/2011 - 10/9/2011,9/10/2011,,"$4,221.21",$0.00,$503.42,$503.42,$42.21,$0.00,"$4,682.42",[],142508,142508,80,Credit Card Report,111,14936,D,,30e81d43-fe82-463e-a3f3-87d6432aa2f7,2011,10/9/2011,10/12/2011,"Wednesday, October 12, 2011",True,False,False,correcting beginning balance to show earlier payment,142504,0,True,False,False,False,False,False,False,True,False,False,False,True,False,False,0
Visa,,8/10/2011 - 9/9/2011,8/10/2011,,$694.57,$0.00,"$3,536.64","$3,536.64",$10.00,$0.00,"$4,221.21",[],143060,143060,80,Credit Card Report,111,14936,D,,4d64dfdc-7b86-40c7-9a14-6883ac3ab3e6,2011,9/9/2011,10/23/2011,"Sunday, October 23, 2011",True,False,False,Adding explanation of payment purpose 8/28/2011,142507,0,True,False,False,False,False,False,False,True,False,False,False,True,False,False,0
Visa,,7/10/2011 - 8/9/2011,7/10/2011,,$654.66,$0.00,$49.91,$49.91,$10.00,$0.00,$694.57,[],142506,142506,80,Credit Card Report,111,14936,D,,f4915eba-0911-4d03-8997-af0fad9ba6fe,2011,8/9/2011,10/12/2011,"Wednesday, October 12, 2011",True,False,False,reporting $10 payment for the month,140131,0,True,False,False,False,False,False,False,True,False,False,False,True,False,False,0
Visa,,6/10/2011 - 7/9/2011,6/10/2011,,$594.68,$0.00,$84.98,$84.98,$25.00,$0.00,$654.66,[],139206,139206,80,Credit Card Report,111,14936,D,,eba075f3-87bb-4aad-acb5-3f96b444ebba,2011,7/9/2011,8/3/2011,"Wednesday, August 3, 2011",True,False,False,updating to show payment made 7/6/2011,137772,0,True,False,False,False,False,False,False,True,False,False,False,True,False,False,0
Visa,,5/10/2011 - 6/9/2011,5/10/2011,,$604.68,$0.00,$0.00,$0.00,$10.00,$0.00,$594.68,[],140132,140132,80,Credit Card Report,111,14936,D,,473e4b95-436b-4c9f-8ae8-35471315c5b2,2011,6/9/2011,8/27/2011,"Saturday, August 27, 2011",False,False,False,,0,0,True,False,False,False,False,False,False,True,False,False,False,True,False,False,0
Visa,,4/10/2011 - 5/9/2011,4/10/2011,,$0.00,$0.00,$604.68,$604.68,$0.00,$0.00,$604.68,[],136211,136211,80,Credit Card Report,111,14936,D,,65b153b5-4afc-4142-9d71-fe4bb7bebf7b,2011,5/9/2011,6/11/2011,"Saturday, June 11, 2011",False,False,False,,0,0,True,False,False,False,False,False,False,True,False,False,False,True,False,False,0
Visa,,2/10/2011 - 3/9/2011,2/10/2011,,"$1,622.49",$0.00,$52.16,$52.16,$150.00,$0.00,"$1,524.65",[],150126,150126,80,Credit Card Report,111,14936,D,,f07c7f73-cd0e-4ca7-8d64-d948868d41d7,2011,3/9/2011,3/12/2012,"Monday, March 12, 2012",False,False,False,,0,0,True,False,False,False,False,False,False,True,False,False,False,True,False,False,0
ATT,,8/8/2009 - 9/8/2009,8/8/2009,,$0.00,$0.00,"$2,325.21","$2,325.21","$2,325.21",$0.00,$0.00,[],101375,101375,80,Credit Card Report,111,14941,D,,843f452b-5290-4845-a91a-b19339c71a10,2009,9/8/2009,10/21/2009,"Wednesday, October 21, 2009",False,False,False,,0,0,True,False,False,False,False,False,False,True,False,False,False,True,False,False,0
Amex,,8/1/2009 - 8/31/2009,8/1/2009,,$0.00,$0.00,$122.81,$122.81,$122.81,$0.00,$0.00,[],101373,101373,80,Credit Card Report,111,14941,D,,b46805b4-e826-49d5-b31d-b7cab419f405,2009,8/31/2009,10/21/2009,"Wednesday, October 21, 2009",False,False,False,,0,0,True,False,False,False,False,False,False,True,False,False,False,True,False,False,0
Fideli,,10/4/2011 - 11/2/2011,10/4/2011,,$0.00,$0.00,$980.75,$980.75,$0.00,$0.00,$980.75,[],144658,144658,80,Credit Card Report,111,14961,D,,b1daa935-e0f6-4510-a013-c25586878bd8,2011,11/2/2011,11/21/2011,"Monday, November 21, 2011",False,False,False,,0,0,True,False,False,False,False,False,False,True,False,False,False,True,False,False,0
Fidelt,,9/4/2011 - 10/3/2011,9/4/2011,,$0.00,$0.00,$973.37,$973.37,$0.00,$0.00,$973.37,[],143094,143094,80,Credit Card Report,111,14961,D,,7819aeee-2020-4dfb-95f9-8ad27dfa8bfa,2011,10/3/2011,10/24/2011,"Monday, October 24, 2011",False,False,False,,0,0,True,False,False,False,False,False,False,True,False,False,False,True,False,False,0
FideltyV,,11/3/2009 - 12/1/2009,11/3/2009,,$435.81,$0.00,$467.50,$467.50,$435.81,$0.00,$467.50,[],103903,103903,80,Credit Card Report,111,14961,D,,139dca94-99a7-4e40-9105-6816db62b5ea,2009,12/1/2009,12/16/2009,"Wednesday, December 16, 2009",False,False,False,,0,0,True,False,False,False,False,False,False,True,False,False,False,True,False,False,0
FideltyV,,10/2/2009 - 11/2/2009,10/2/2009,,"$1,167.65",$0.00,$435.81,$435.81,"$1,167.65",$0.00,$435.81,[],102482,102482,80,Credit Card Report,111,14961,D,,ae25272c-4dd4-4137-87a8-89b970fd3ae6,2009,11/2/2009,11/12/2009,"Thursday, November 12, 2009",False,False,False,,0,0,True,False,False,False,False,False,False,True,False,False,False,True,False,False,0
FideltyV,,9/1/2009 - 10/1/2009,9/1/2009,,$0.00,$0.00,"$1,167.65","$1,167.65",$0.00,$0.00,"$1,167.65",[],101168,101168,80,Credit Card Report,111,14961,D,,e92dde85-b68f-47df-b9c9-42a253c0874c,2009,10/1/2009,10/19/2009,"Monday, October 19, 2009",False,False,False,,0,0,True,False,False,False,False,False,False,True,False,False,False,True,False,False,0
CapOne,,9/17/2013 - 10/5/2013,9/17/2013,,$0.00,$0.00,$440.70,$440.70,$0.00,$0.00,$440.70,[],182414,182414,80,Credit Card Report,111,15579,D,,93a53c39-1349-4e1f-93e7-efeb3600942f,2013,10/5/2013,10/30/2013,"Wednesday, October 30, 2013",False,False,False,,0,0,True,False,False,False,False,False,False,True,False,False,False,True,False,False,0
CapOne,,8/9/2013 - 8/23/2013,8/9/2013,,$0.00,$11.31,$479.36,$490.67,$0.00,$0.00,$490.67,[],178733,178733,80,Credit Card Report,111,15579,D,,a3d20547-f80e-4dc6-be4f-02db6973a19e,2013,8/23/2013,9/7/2013,"Saturday, September 7, 2013",False,False,False,,0,0,True,False,False,False,False,False,False,True,False,False,False,True,False,False,0
CapOne,,7/17/2013 - 7/31/2013,7/17/2013,,$0.00,$0.00,$337.44,$337.44,$0.00,$0.00,$337.44,[],176750,176750,80,Credit Card Report,111,15579,D,,fbdd0a49-f871-4eda-956e-dcffc757888f,2013,7/31/2013,8/10/2013,"Saturday, August 10, 2013",False,False,False,,0,0,True,False,False,False,False,False,False,True,False,False,False,True,False,False,0
CapOne,,6/13/2013 - 7/12/2013,6/13/2013,,$0.00,$38.92,$0.00,$38.92,$0.00,$0.00,$38.92,[],176278,176278,80,Credit Card Report,111,15579,D,,f8e2172a-3999-4a44-b09d-c1f015c5f05c,2013,7/12/2013,8/1/2013,"Thursday, August 1, 2013",False,False,False,,0,0,True,False,False,False,False,False,False,True,False,False,False,True,False,False,0
CapOne,,5/16/2013 - 6/9/2013,5/16/2013,,$0.00,$60.04,$45.04,$105.08,$0.00,$0.00,$105.08,[],172955,172955,80,Credit Card Report,111,15579,D,,9ab9db3f-0a69-45b9-972f-d3a262a2a67e,2013,6/9/2013,6/24/2013,"Monday, June 24, 2013",False,False,False,,0,0,True,False,False,False,False,False,False,True,False,False,False,True,False,False,0
CapOne,,3/16/2013 - 4/11/2013,3/16/2013,,$0.00,$41.02,$0.00,$41.02,$0.00,$0.00,$41.02,[],169576,169576,80,Credit Card Report,111,15579,D,,3432f444-6d76-4749-bd72-4bd113f7ab38,2013,4/11/2013,4/23/2013,"Tuesday, April 23, 2013",False,False,False,,0,0,True,False,False,False,False,False,False,True,False,False,False,True,False,False,0
CapOne,,3/11/2013 - 3/12/2013,3/11/2013,,$0.00,$0.00,$50.87,$50.87,$0.00,$0.00,$50.87,[],168947,168947,80,Credit Card Report,111,15579,D,,704dd54e-b452-4740-b994-5fbfbfd67c45,2013,3/12/2013,4/3/2013,"Wednesday, April 3, 2013",False,False,False,,0,0,True,False,False,False,False,False,False,True,False,False,False,True,False,False,0
Chase1,,10/1/2013 - 10/6/2013,10/1/2013,,$0.00,$0.00,$45.32,$45.32,$0.00,$0.00,$45.32,[],181809,181809,80,Credit Card Report,111,15590,D,,34c5aab6-9eaf-48b2-aeb4-92c5a6c92cf0,2013,10/6/2013,10/20/2013,"Sunday, October 20, 2013",False,False,False,,0,0,True,False,False,False,False,False,False,True,False,False,False,True,False,False,0
Chase1,,9/18/2013 - 9/24/2013,9/18/2013,,$0.00,$0.00,$342.38,$342.38,$0.00,$0.00,$342.38,[],181808,181808,80,Credit Card Report,111,15590,D,,4d8f386e-fa3b-4408-93f3-327d07b0acc3,2013,9/24/2013,10/20/2013,"Sunday, October 20, 2013",False,False,False,,0,0,True,False,False,False,False,False,False,True,False,False,False,True,False,False,0
,,4/12/2015 - 5/11/2015,4/12/2015,,$82.49,$0.00,$328.09,$328.09,$410.58,$0.00,$0.00,[],535897,535897,80,Credit Card Report,111,15615,D,,de7704f1-2911-e511-80d0-0003ff506e32,2015,5/11/2015,6/12/2015,"Friday, June 12, 2015",False,False,False,,0,0,True,False,False,False,False,False,False,True,False,False,False,True,False,False,0
,,3/12/2015 - 4/11/2015,3/12/2015,,$703.37,$59.21,$148.00,$207.21,$806.37,($21.72),$82.49,[],535898,535898,80,Credit Card Report,111,15615,D,,eb05451e-2811-e511-80d0-0003ff506e32,2015,4/11/2015,6/12/2015,"Friday, June 12, 2015",False,False,False,,0,0,True,False,False,False,False,False,False,True,False,False,False,True,False,False,0
,,12/9/2014 - 1/8/2015,12/9/2014,,$133.10,$94.25,"$1,162.62","$1,256.87","$1,389.97",$0.00,$0.00,[],535896,535896,80,Credit Card Report,111,15615,D,,a8780321-6a0c-e511-80cf-0003ff506e32,2015,1/8/2015,6/12/2015,"Friday, June 12, 2015",True,True,False,Filed missing report,535627,0,True,False,False,False,False,False,False,True,False,False,False,True,False,False,0
NM,,10/9/2014 - 11/7/2014,10/9/2014,,$0.00,$0.00,$116.98,$116.98,$0.00,$0.00,$116.98,[],211919,211919,80,Credit Card Report,111,15615,D,,70ab8187-759c-4633-b082-48152ee2a37f,2014,11/7/2014,12/12/2014,"Friday, December 12, 2014",False,False,False,,0,0,True,False,False,False,False,False,False,True,False,False,False,True,False,False,0
Card1,,9/9/2014 - 10/10/2014,9/9/2014,,$0.00,$0.00,$0.00,$0.00,$0.00,$0.00,$0.00,[],207096,207096,80,Credit Card Report,111,15615,D,,268c7b85-034e-4a37-964b-a98a68b18ce8,2014,10/10/2014,10/16/2014,"Thursday, October 16, 2014",False,False,False,,0,0,True,False,False,False,False,False,False,True,False,False,False,True,False,False,0
Card1,,9/9/2014 - 10/8/2014,9/9/2014,,$0.00,$0.00,$350.89,$350.89,$0.00,$0.00,$350.89,[],207094,207094,80,Credit Card Report,111,15615,D,,aa8f4065-5a6e-4c79-968c-6e12e18e8e87,2014,10/8/2014,10/16/2014,"Thursday, October 16, 2014",False,False,False,,0,0,True,False,False,False,False,False,False,True,False,False,False,True,False,False,0
Card,,8/12/2014 - 9/8/2014,8/12/2014,,$0.00,$0.00,$103.49,$103.49,$0.00,$0.00,$103.49,[],207095,207095,80,Credit Card Report,111,15615,D,,84ebcb55-8401-4feb-ab1f-a0eaa861d807,2014,9/8/2014,10/16/2014,"Thursday, October 16, 2014",False,False,False,,0,0,True,False,False,False,False,False,False,True,False,False,False,True,False,False,0
Card1,,5/9/2014 - 8/11/2014,5/9/2014,,$0.00,$0.00,$265.13,$265.13,$0.00,$0.00,$265.13,[],206112,206112,80,Credit Card Report,111,15615,D,,f16dc6a7-ad16-4ee4-a5fd-f48571d7b64a,2014,8/11/2014,9/30/2014,"Tuesday, September 30, 2014",False,False,False,,0,0,True,False,False,False,False,False,False,True,False,False,False,True,False,False,0
nm,,3/8/2014 - 4/7/2014,3/8/2014,,$0.00,$0.00,$283.77,$283.77,$0.00,$0.00,$283.77,[],195852,195852,80,Credit Card Report,111,15615,D,,1d996e9f-2cec-499a-a1c0-db4cdfb948d2,2014,4/7/2014,5/9/2014,"Friday, May 9, 2014",False,False,False,,0,0,True,False,False,False,False,False,False,True,False,False,False,True,False,False,0
Amex,,2/8/2014 - 3/7/2014,2/8/2014,,$0.00,$0.00,$698.60,$698.60,$0.00,$0.00,$698.60,[],194199,194199,80,Credit Card Report,111,15615,D,,6572cd3c-98c8-456e-a1ff-c1e13fa74078,2014,3/7/2014,4/16/2014,"Wednesday, April 16, 2014",False,False,False,,0,0,True,False,False,False,False,False,False,True,False,False,False,True,False,False,0
NM,,1/9/2014 - 2/7/2014,1/9/2014,,$0.00,$0.00,$104.00,$104.00,$0.00,$0.00,$104.00,[],192068,192068,80,Credit Card Report,111,15615,D,,da3eea2c-dfb4-4e26-b212-b1486b2fe2ce,2014,2/7/2014,3/11/2014,"Tuesday, March 11, 2014",False,False,False,,0,0,True,False,False,False,False,False,False,True,False,False,False,True,False,False,0
Mazen,,12/18/2013 - 1/29/2014,12/18/2013,,$0.00,$0.00,$904.15,$904.15,$0.00,$0.00,$904.15,[],192563,192563,80,Credit Card Report,111,15615,D,,158d4bf8-6b92-4177-abac-107be23f0503,2014,1/29/2014,3/19/2014,"Wednesday, March 19, 2014",False,False,False,,0,0,True,False,False,False,False,False,False,True,False,False,False,True,False,False,0
NM,,11/8/2013 - 12/6/2013,11/8/2013,,$0.00,$0.00,$304.40,$304.40,$0.00,$0.00,$304.40,[],194202,194202,80,Credit Card Report,111,15615,D,,d1fdb88c-c3d4-41ed-9837-bc118383c79b,2013,12/6/2013,4/16/2014,"Wednesday, April 16, 2014",False,False,False,,0,0,True,False,False,False,False,False,False,True,False,False,False,True,False,False,0
Nadeem,,10/9/2013 - 11/7/2013,10/9/2013,,$0.00,$0.00,"$2,737.58","$2,737.58",$0.00,$0.00,"$2,737.58",[],194198,194198,80,Credit Card Report,111,15615,D,,2aa87a95-cfa9-4ee8-b462-a6ae4da46541,2013,11/7/2013,4/16/2014,"Wednesday, April 16, 2014",True,False,False,Per OCPF Request,194197,0,True,False,False,False,False,False,False,True,False,False,False,True,False,False,0
Card1,,9/8/2013 - 10/8/2013,9/8/2013,,"$1,445.03",$0.00,"$3,871.72","$3,871.72","$3,871.72",$2.88,"$1,447.91",[],184126,184126,80,Credit Card Report,111,15615,D,,ace87cd1-dca7-4ff8-be53-8666bbadcbf5,2013,10/8/2013,11/21/2013,"Thursday, November 21, 2013",False,False,False,,0,0,True,False,False,False,False,False,False,True,False,False,False,True,False,False,0
Visa,,8/9/2013 - 9/7/2013,8/9/2013,,$0.00,$0.00,"$1,389.44","$1,389.44",$0.00,$0.00,"$1,389.44",[],180371,180371,80,Credit Card Report,111,15615,D,,51a46744-22ea-4070-9568-77c4c6d8b7d7,2013,9/7/2013,10/1/2013,"Tuesday, October 1, 2013",False,False,False,,0,0,True,False,False,False,False,False,False,True,False,False,False,True,False,False,0
BofA1,,8/9/2013 - 9/4/2013,8/9/2013,,$0.00,$0.00,"$1,404.44","$1,404.44",$0.00,$0.00,"$1,404.44",[],178925,178925,80,Credit Card Report,111,15615,D,,26b1a234-d483-4616-af3e-2b2b73d73df5,2013,9/4/2013,9/11/2013,"Wednesday, September 11, 2013",False,False,False,,0,0,True,False,False,False,False,False,False,True,False,False,False,True,False,False,0
Amex,,7/16/2014 - 8/7/2014,7/16/2014,,"$2,234.73",$0.00,$0.00,$0.00,"$2,234.73",$0.00,$0.00,[],203192,203192,80,Credit Card Report,111,15628,D,,60cf01af-d8f3-48d7-8bc3-1e817f5670c7,2014,8/7/2014,8/30/2014,"Saturday, August 30, 2014",False,False,False,,0,0,True,False,False,False,False,False,False,True,False,False,False,True,False,False,0
Amex,,6/16/2014 - 7/15/2014,6/16/2014,,"$2,994.73",$0.00,$0.00,$0.00,$760.00,$0.00,"$2,234.73",[],201406,201406,80,Credit Card Report,111,15628,D,,203b7c19-7453-42a1-969a-5a0975e48377,2014,7/15/2014,8/6/2014,"Wednesday, August 6, 2014",False,False,False,,0,0,True,False,False,False,False,False,False,True,False,False,False,True,False,False,0
Amex,,5/16/2014 - 6/15/2014,5/16/2014,,"$3,754.73",$0.00,$0.00,$0.00,$760.00,$0.00,"$2,994.73",[],198474,198474,80,Credit Card Report,111,15628,D,,6c6b1d69-d1b1-4bbf-b90e-659f309ce978,2014,6/15/2014,6/27/2014,"Friday, June 27, 2014",False,False,False,,0,0,True,False,False,False,False,False,False,True,False,False,False,True,False,False,0
Amex,,4/16/2014 - 5/15/2014,4/16/2014,,"$4,514.73",$0.00,$0.00,$0.00,$760.00,$0.00,"$3,754.73",[],197559,197559,80,Credit Card Report,111,15628,D,,c7c52962-644c-41f6-9a39-6fb756fd8f23,2014,5/15/2014,6/6/2014,"Friday, June 6, 2014",False,False,False,,0,0,True,False,False,False,False,False,False,True,False,False,False,True,False,False,0
Amex,,3/16/2014 - 4/15/2014,3/16/2014,,"$5,274.73",$0.00,$0.00,$0.00,$760.00,$0.00,"$4,514.73",[],195003,195003,80,Credit Card Report,111,15628,D,,8d769caa-cc34-4878-8faf-895a9bcf856d,2014,4/15/2014,5/1/2014,"Thursday, May 1, 2014",False,False,False,,0,0,True,False,False,False,False,False,False,True,False,False,False,True,False,False,0
Amex,,2/16/2014 - 3/15/2014,2/16/2014,,"$6,034.73",$0.00,$0.00,$0.00,$760.00,$0.00,"$5,274.73",[],192963,192963,80,Credit Card Report,111,15628,D,,074cac74-b034-484c-9a39-4361e3dcd02d,2014,3/15/2014,3/28/2014,"Friday, March 28, 2014",False,False,False,,0,0,True,False,False,False,False,False,False,True,False,False,False,True,False,False,0
Amex,,12/15/2013 - 1/15/2014,12/15/2013,,"$7,554.73",$0.00,$0.00,$0.00,$760.00,$0.00,"$6,794.73",[],189384,189384,80,Credit Card Report,111,15628,D,,3f1ac1df-f657-4b67-ba8f-847c87e8de5e,2014,1/15/2014,1/27/2014,"Monday, January 27, 2014",False,False,False,,0,0,True,False,False,False,False,False,False,True,False,False,False,True,False,False,0
Amex,,10/16/2013 - 11/13/2013,10/16/2013,,$0.00,$61.00,"$9,013.73","$9,074.73",$760.00,$0.00,"$8,314.73",[],184261,184261,80,Credit Card Report,111,15628,D,,4588ffa7-c547-4b52-a117-1f4c65e76066,2013,11/13/2013,11/26/2013,"Tuesday, November 26, 2013",False,False,False,,0,0,True,False,False,False,False,False,False,True,False,False,False,True,False,False,0
Amex,,9/14/2013 - 10/15/2013,9/14/2013,,$0.00,$0.00,"$3,549.80","$3,549.80","$3,549.80",$0.00,$0.00,[],184509,184509,80,Credit Card Report,111,15628,D,,278a41fc-95c6-417f-871a-35e54665a3ad,2013,10/15/2013,12/2/2013,"Monday, December 2, 2013",True,False,False,add check number,184253,0,True,False,False,False,False,False,False,True,False,False,False,True,False,False,0
Amex,,8/15/2013 - 9/13/2013,8/15/2013,,$0.00,$70.04,$0.00,$70.04,$70.04,$0.00,$0.00,[],179193,179193,80,Credit Card Report,111,15628,D,,2431c833-795a-4b9a-b168-9b54a13c3880,2013,9/13/2013,9/16/2013,"Monday, September 16, 2013",False,False,False,,0,0,True,False,False,False,False,False,False,True,False,False,False,True,False,False,0
Amex,,7/15/2013 - 8/14/2013,7/15/2013,,$0.00,$0.00,"$1,596.05","$1,596.05","$1,596.05",$0.00,$0.00,[],177497,177497,80,Credit Card Report,111,15628,D,,03c3e14f-33ee-4615-812d-ae0b24aaa69b,2013,8/14/2013,8/20/2013,"Tuesday, August 20, 2013",False,False,False,,0,0,True,False,False,False,False,False,False,True,False,False,False,True,False,False,0
Amex,,6/14/2013 - 7/14/2013,6/14/2013,,$0.00,$0.00,"$2,165.31","$2,165.31","$2,165.31",$0.00,$0.00,[],174713,174713,80,Credit Card Report,111,15628,D,,ec715cdc-8c58-4f7a-9d40-bf1d87c067d9,2013,7/14/2013,7/16/2013,"Tuesday, July 16, 2013",False,False,False,,0,0,True,False,False,False,False,False,False,True,False,False,False,True,False,False,0
Amex,,5/31/2013 - 6/13/2013,5/31/2013,,$0.00,$0.00,$316.24,$316.24,$316.24,$0.00,$0.00,[],174405,174405,80,Credit Card Report,111,15628,D,,ceb50fff-cdef-4bc5-97e3-64c57389ae7e,2013,6/13/2013,7/15/2013,"Monday, July 15, 2013",False,False,False,,0,0,True,False,False,False,False,False,False,True,False,False,False,True,False,False,0
Visa,,10/3/2013 - 11/2/2013,10/3/2013,,$0.00,$0.00,$220.91,$220.91,$0.00,$0.00,$220.91,[],183389,183389,80,Credit Card Report,111,15640,D,,419c5af0-d52e-4f28-83cb-7c738d048e68,2013,11/2/2013,11/11/2013,"Monday, November 11, 2013",False,False,False,,0,0,True,False,False,False,False,False,False,True,False,False,False,True,False,False,0
Visa,,9/4/2013 - 10/2/2013,9/4/2013,,$0.00,$0.00,$757.42,$757.42,$0.00,$0.00,$757.42,[],180975,180975,80,Credit Card Report,111,15640,D,,68fe9044-1040-4975-b866-ee3cadb736cd,2013,10/2/2013,10/9/2013,"Wednesday, October 9, 2013",False,False,False,,0,0,True,False,False,False,False,False,False,True,False,False,False,True,False,False,0
Visa,,7/3/2013 - 8/2/2013,7/3/2013,,$0.00,$0.00,$294.49,$294.49,$0.00,$0.00,$294.49,[],177979,177979,80,Credit Card Report,111,15640,D,,4f1ab506-64ac-4d63-80fb-34eb7d19958f,2013,8/2/2013,8/30/2013,"Friday, August 30, 2013",False,False,False,,0,0,True,False,False,False,False,False,False,True,False,False,False,True,False,False,0
Visa1,,12/27/2013 - 1/8/2014,12/27/2013,,$338.16,$0.00,$0.00,$0.00,$338.16,$0.00,$0.00,[],187488,187488,80,Credit Card Report,111,15679,D,,ff242c76-b697-42ef-a403-aefb00ff1abd,2014,1/8/2014,1/14/2014,"Tuesday, January 14, 2014",False,False,False,,0,0,True,False,False,False,False,False,False,True,False,False,False,True,False,False,0
Visa1,,11/26/2013 - 12/26/2013,11/26/2013,,$313.16,$0.00,$25.00,$25.00,$0.00,$0.00,$338.16,[],187487,187487,80,Credit Card Report,111,15679,D,,490608fd-39ab-499c-befb-ba9f6cde46fe,2013,12/26/2013,1/14/2014,"Tuesday, January 14, 2014",False,False,False,,0,0,True,False,False,False,False,False,False,True,False,False,False,True,False,False,0
Visa1,,10/26/2013 - 11/25/2013,10/26/2013,,$814.13,$0.00,$313.16,$313.16,$814.13,$0.00,$313.16,[],187486,187486,80,Credit Card Report,111,15679,D,,d9287c88-864e-4268-98f8-e217a00e2bdb,2013,11/25/2013,1/14/2014,"Tuesday, January 14, 2014",False,False,False,,0,0,True,False,False,False,False,False,False,True,False,False,False,True,False,False,0
Visa1,,9/25/2013 - 10/25/2013,9/25/2013,,$861.67,$0.00,$814.13,$814.13,$861.67,$0.00,$814.13,[],183277,183277,80,Credit Card Report,111,15679,D,,9b17c23a-1331-48c5-8275-7591f32b118d,2013,10/25/2013,11/7/2013,"Thursday, November 7, 2013",False,False,False,,0,0,True,False,False,False,False,False,False,True,False,False,False,True,False,False,0
Visa1,,8/27/2013 - 9/24/2013,8/27/2013,,$0.00,$0.00,$602.07,$602.07,$0.00,$0.00,$602.07,[],180111,180111,80,Credit Card Report,111,15679,D,,7d3c590f-2cf3-4df3-93fb-61a66820fb61,2013,9/24/2013,9/30/2013,"Monday, September 30, 2013",False,False,False,,0,0,True,False,False,False,False,False,False,True,False,False,False,True,False,False,0
Committee To Elect Paul Toner,6f7a542c-c80c-ec11-a95e-000d3a1ad608,6/24/2021 - 7/26/2021,6/24/2021,,($80.00),$0.00,"$3,697.53","$3,697.53","$3,617.53",$0.00,$0.00,[],793452,793452,80,Credit Card Report,111,16576,D,,bdbe0db0-7b03-ec11-a95e-000d3a1ad608,2021,7/26/2021,8/22/2021,"Sunday, August 22, 2021",True,True,False,needed to correct payment and factor in an 80 credit,793451,0,True,False,False,False,False,False,False,True,False,False,False,True,False,False,0
Committee To Elect Paul Toner,,5/26/2021 - 6/23/2021,5/26/2021,,$0.00,$0.00,"$2,802.67","$2,802.67",$0.00,$0.00,"$2,802.67",[],787742,787742,80,Credit Card Report,111,16576,D,,91a0c03c-eedb-eb11-a95b-000d3a1ad608,2021,6/23/2021,7/3/2021,"Saturday, July 3, 2021",False,False,False,,0,0,True,False,False,False,False,False,False,True,False,False,False,True,False,False,0
Committee To Elect Paul Toner,439de2c0-b4da-eb11-a95b-000d3a1ad608,4/24/2021 - 5/25/2021,4/24/2021,6/14/2021,"$3,405.78",$0.00,"$3,405.78","$3,405.78","$3,405.78",$0.00,"$3,405.78",[],785228,785228,80,Credit Card Report,111,16576,D,,6f18fa67-fecd-eb11-a95b-000d3a1ad608,2021,5/25/2021,6/15/2021,"Tuesday, June 15, 2021",False,False,False,,0,0,True,False,False,False,False,False,False,True,False,False,False,True,False,False,0
Committee To Elect Paul Toner,,4/16/2019 - 5/24/2019,4/16/2019,,$168.00,$0.00,$32.26,$32.26,$0.00,$0.00,$200.26,[],704935,704935,80,Credit Card Report,111,16576,D,,ea731871-0aab-e911-a955-000d3a1ad608,2019,5/24/2019,7/20/2019,"Saturday, July 20, 2019",False,False,False,,0,0,True,False,False,False,False,False,False,True,False,False,False,True,False,False,0
Committee To Elect Paul Toner,565866db-234b-e911-a954-000d3a1ad608,1/25/2019 - 2/25/2019,1/25/2019,3/4/2019,$143.04,$0.00,$0.00,$0.00,$143.04,$0.00,$0.00,[],692018,692018,80,Credit Card Report,111,16576,D,,c324c672-2353-e911-a954-000d3a1ad608,2019,2/25/2019,3/30/2019,"Saturday, March 30, 2019",True,True,False,Correcting the Statement period,692017,0,True,False,False,False,False,False,False,True,False,False,False,True,False,False,0
Committee To Elect Paul Toner,fad846b8-de02-e911-a953-000d3a1ad608,10/24/2018 - 11/23/2018,10/24/2018,12/2/2018,$221.48,$0.00,$0.00,$0.00,$221.48,$0.00,$0.00,[],691921,691921,80,Credit Card Report,111,16576,D,,832a4ee3-5a51-e911-a954-000d3a1ad608,2018,11/23/2018,3/28/2019,"Thursday, March 28, 2019",False,False,False,,0,0,True,False,False,False,False,False,False,True,False,False,False,True,False,False,0
,,9/25/2018 - 10/23/2018,9/25/2018,,$251.68,$0.00,$251.68,$251.68,$251.68,$0.00,$251.68,[],678912,678912,80,Credit Card Report,111,16576,D,,4ffd32d4-8ded-e811-a953-000d3a1ad608,2018,10/23/2018,11/21/2018,"Wednesday, November 21, 2018",False,False,False,,0,0,True,False,False,False,False,False,False,True,False,False,False,True,False,False,0
,,5/24/2018 - 6/25/2018,5/24/2018,,"$1,961.51",$0.00,"$1,961.51","$1,961.51","$1,961.51",$0.00,"$1,961.51",[],661596,661596,80,Credit Card Report,111,16576,D,,a95762c9-0083-e811-a953-000d3a1ad608,2018,6/25/2018,7/8/2018,"Sunday, July 8, 2018",False,False,False,,0,0,True,False,False,False,False,False,False,True,False,False,False,True,False,False,0
,,11/25/2017 - 12/26/2017,11/25/2017,,"$7,101.22",$0.00,$0.00,$0.00,"$7,101.22",$0.00,$0.00,[],640087,640087,80,Credit Card Report,111,16576,D,,6b06b78f-c6f5-e711-80ea-0003ff506e32,2017,12/26/2017,1/10/2018,"Wednesday, January 10, 2018",False,False,False,,0,0,True,False,False,False,False,False,False,True,False,False,False,True,False,False,0
,,8/25/2017 - 10/23/2017,8/25/2017,,"$11,195.93",$0.00,"$11,195.93","$11,195.93","$11,195.93",$0.00,"$11,195.93",[],634804,634804,80,Credit Card Report,111,16576,D,,e248715c-e2d2-e711-80e8-0003ff506e32,2017,10/23/2017,11/26/2017,"Sunday, November 26, 2017",False,False,False,,0,0,True,False,False,False,False,False,False,True,False,False,False,True,False,False,0
,,7/26/2017 - 8/24/2017,7/26/2017,,$0.00,$0.00,"$5,380.30","$5,380.30","$5,380.30",$0.00,$0.00,[],626472,626472,80,Credit Card Report,111,16576,D,,918b4efc-5095-e711-80e8-0003ff506e32,2017,8/24/2017,9/21/2017,"Thursday, September 21, 2017",True,True,False,made corrections to two items - ,626353,0,True,False,False,False,False,False,False,True,False,False,False,True,False,False,0
,,6/24/2017 - 7/25/2017,6/24/2017,,"$2,095.88",$0.00,"$2,095.88","$2,095.88","$2,095.88",$0.00,"$2,095.88",[],626475,626475,80,Credit Card Report,111,16576,D,,352cd276-b692-e711-80e8-0003ff506e32,2017,7/25/2017,9/21/2017,"Thursday, September 21, 2017",True,True,False,corrections made,624154,0,True,False,False,False,False,False,False,True,False,False,False,True,False,False,0
,,5/26/2017 - 6/22/2017,5/26/2017,,$0.00,$0.00,$400.38,$400.38,$400.38,$0.00,$0.00,[],624521,624521,80,Credit Card Report,111,16576,D,,2df4f6e2-5795-e711-80e8-0003ff506e32,2017,6/22/2017,9/10/2017,"Sunday, September 10, 2017",False,False,False,,0,0,True,False,False,False,False,False,False,True,False,False,False,True,False,False,0
,,4/25/2017 - 5/25/2017,4/25/2017,,"$4,164.94",$0.00,"$4,164.94","$4,164.94","$4,164.94",$0.00,"$4,164.94",[],616825,616825,80,Credit Card Report,111,16576,D,,24470136-554a-e711-80e6-0003ff506e32,2017,5/25/2017,7/11/2017,"Tuesday, July 11, 2017",True,True,False,updated clarification on two expenses,616646,0,True,False,False,False,False,False,False,True,False,False,False,True,False,False,0
,,3/24/2017 - 4/24/2017,3/24/2017,,"$2,271.10",$0.00,"$2,267.84","$2,267.84","$2,271.10",$3.26,"$2,271.10",[],616824,616824,80,Credit Card Report,111,16576,D,,3b045a1a-7134-e711-80e5-0003ff506e32,2017,4/24/2017,7/11/2017,"Tuesday, July 11, 2017",True,True,False,no change,616647,0,True,False,False,False,False,False,False,True,False,False,False,True,False,False,0
